{"result":
 {"success": true,
  "data": {
   "flight": [47716903,"MH370","MAS370","KUL","PEK"],
   "airport": [
    ["KUL","Kuala Lumpur International Airport",   "Kuala Lumpur",2.745578,101.7099,  "MYT","Malaysia Time",8],
    ["PEK","Beijing Capital International Airport","Beijing",    40.080109,116.584503,"CST","China Standard Time",8]],
   "aircraft": [7667855,"75008F","9M-MRO","B772","Boeing 777-2H6ER","Malaysia Airlines",null],
   "track": [
    [2.7983, 101.689, 1500,183,328,"2157",1394210550,"F-WMSA2"],
    [2.80333,101.686, 1575,188,327,"2157",1394210557,"F-WMSA2"],
    [2.80838,101.683, 1650,196,327,"2157",1394210563,"F-WMSA2"],
    [2.81292,101.68,  1725,201,327,"2157",1394210570,"F-WMSA2"],
    [2.81841,101.676, 1825,207,327,"2157",1394210576,"F-WMSA2"],
    [2.82454,101.673, 1950,210,327,"2157",1394210585,"F-WMSA2"],
    [2.84732,101.659, 2375,237,336,"2157",1394210608,"F-WMSA2"],
    [2.85393,101.657, 2475,240,346,"2157",1394210615,"F-WMSA2"],
    [2.86138,101.657, 2600,242,353,"2157",1394210621,"F-WMSA2"],
    [2.88317,101.664, 3350,258, 24,"2157",1394210642,"F-WMSA2"],
    [2.89041,101.668, 3675,260, 24,"2157",1394210648,"F-WMSA2"],
    [2.89769,101.671, 3975,261, 25,"2157",1394210655,"F-WMSA2"],
    [2.90666,101.675, 4375,264, 26,"2157",1394210663,"F-WMSA2"],
    [2.9144, 101.679, 4700,265, 26,"2157",1394210669,"F-WMSA2"],
    [2.92126,101.683, 5000,266, 26,"2157",1394210676,"F-WMSA2"],
    [2.94003,101.692, 5850,269, 26,"2157",1394210693,"F-WMSA2"],
    [2.95332,101.698, 6450,270, 26,"2157",1394210706,"F-WMSA2"],
    [2.97043,101.707, 7225,273, 25,"2157",1394210719,"F-WMSA2"],
    [2.98223,101.712, 7675,277, 25,"2157",1394210731,"F-WMSA2"],
    [2.99764,101.72,  8275,279, 25,"2157",1394210744,"F-WMSA2"],
    [3.01179,101.726, 8900,281, 25,"2157",1394210757,"F-WMSA2"],
    [3.02815,101.734, 9500,284, 25,"2157",1394210769,"F-WMSA2"],
    [3.04202,101.741,10025,286, 25,"2157",1394210780,"F-WMSA2"],
    [3.07915,101.759,10625,318, 25,"2157",1394210811,"F-WMSA2"],
    [3.12341,101.78, 11125,355, 25,"2157",1394210843,"F-WMSA2"],
    [3.17575,101.804,12350,369, 25,"2157",1394210878,"F-WMSA2"],
    [3.22691,101.829,13800,375, 25,"2157",1394210910,"F-WMSA2"],
    [3.28058,101.854,15275,377, 25,"2157",1394210942,"F-WMSA2"],
    [3.37436,101.899,17475,391, 25,"2157",1394211003,"F-WMSA2"],
    [3.48001,101.949,19800,400, 24,"2157",1394211064,"F-WMSA2"],
    [3.58718,101.999,21875,416, 25,"2157",1394211126,"F-WMSA2"],
    [3.69732,102.052,23850,424, 25,"2157",1394211188,"F-WMSA2"],
    [3.80878,102.104,25425,438, 25,"2157",1394211249,"F-WMSA2"],
    [3.92207,102.157,26775,452, 25,"2157",1394211310,"F-WMSA2"],
    [4.03972,102.213,28200,461, 25,"2157",1394211371,"F-WMSA2"],
    [4.15912,102.269,29550,470, 25,"2157",1394211432,"F-WMKC1"],
    [4.2768, 102.325,30775,476, 25,"2157",1394211494,"T-WMKP2"],
    [4.3997, 102.383,31900,485, 25,"2157",1394211555,"T-WMKP2"],
    [4.5389, 102.448,34000,472, 25,"2157",1394211623,"T-WMKP2"],
    [4.6595, 102.505,35025,467, 25,"2157",1394211684,"T-WMKP2"],
    [4.7784, 102.561,35000,467, 25,"2157",1394211749,"T-WMKP2"],
    [4.91203,102.625,35000,469, 25,"2157",1394211811,"F-WMKC1"],
    [5.03286,102.682,35000,469, 25,"2157",1394211873,"T-WMKN1"],
    [5.16255,102.743,35000,467, 25,"2157",1394211938,"T-WMKN1"],
    [5.28712,102.802,35000,468, 25,"2157",1394212004,"F-WMKC1"],
    [5.41933,102.864,35000,469, 25,"2157",1394212070,"F-WMKC1"],
    [5.54037,102.922,35000,470, 25,"2157",1394212131,"F-WMKC1"],
    [5.66496,102.981,35000,471, 25,"2157",1394212193,"F-WMKC1"],
    [5.78574,103.038,35000,472, 25,"2157",1394212255,"F-WMKC1"],
    [5.909,  103.096,35000,472, 25,"2157",1394212316,"F-WMKC1"],
    [6.03113,103.154,35000,472, 25,"2157",1394212378,"F-WMKC1"],
    [6.15088,103.211,35000,472, 25,"2157",1394212439,"F-WMKC1"],
    [6.27365,103.27, 35000,472, 25,"2157",1394212501,"F-WMKC1"],
    [6.39583,103.328,35000,472, 25,"2157",1394212562,"F-WMKC1"],
    [6.5197, 103.386,35000,473, 25,"2157",1394212624,"F-WMKC1"],
    [6.58,   103.41, 35000,473, 25,"2157",1394212659,"F-WMKC1"],
    [6.68,   103.46, 35000,473, 25,"2157",1394212719,"F-WMKC1"],
    [6.78333,103.512,35000,473, 25,"2157",1394212757,"F-WMKC1"],
    [6.8,    103.52, 35000,474, 25,"2157",1394212768,"F-WMKC1"],
    [6.90314,103.57, 35000,472, 28,"2157",1394212818,"F-WMKC1"],
    [6.93,   103.59, 35000,471, 40,"2157",1394212835,"F-WMKC1"],
    [6.97,   103.63, 35000,471, 40,"2157",1394212863,"F-WMKC1"]
   ]
  }
 },
 "id":"2","jsonrpc":"2.0"
}